Temperature_Sensor_Sample_Input,Humidity_Sensor_Sample_Input,Light_Sensor_Sample_Input,CO2_Sensor_Sample_Input,HumidityRatio_Sensor_Sample_Input,Golden_Reference_Occupancy,Python_Predicted_Occupancy
212,113,87,84,179,1,1
213,113,86,87,180,1,1
213,112,86,89,179,1,1
213,109,74,90,177,1,1
215,111,73,91,179,1,1
215,113,85,94,181,1,1
213,113,80,96,181,1,1
215,113,76,96,181,1,1
215,115,71,98,183,1,1
214,116,76,99,183,1,1
214,118,72,101,185,1,1
212,121,72,103,186,1,1
212,122,71,105,186,1,1
212,125,70,109,189,1,1
212,127,69,111,190,1,1
212,130,69,113,193,1,1
212,132,68,118,195,1,1
206,130,68,121,189,1,1
208,132,68,122,193,1,1
209,134,69,123,195,1,1
208,136,71,125,195,1,1
206,137,69,128,195,1,1
206,139,74,130,197,1,1
206,141,79,131,198,1,1
206,142,80,133,199,1,1
206,142,78,136,199,1,1
207,143,74,139,201,1,1
206,143,77,140,200,1,1
206,144,75,138,201,1,1
206,146,78,140,203,1,1
206,147,78,144,204,1,1
206,149,75,144,205,1,1
206,149,73,145,205,1,1
206,148,76,147,204,1,1
206,149,76,149,205,1,1
207,150,75,149,207,1,1
210,152,75,150,210,1,1
206,152,72,152,207,1,1
206,152,72,154,208,1,1
206,154,71,155,209,1,1
206,156,70,156,211,1,1
206,155,72,157,210,1,1
204,154,69,156,208,1,1
202,155,71,157,208,1,1
206,159,70,158,214,1,1
201,160,68,164,211,1,1
199,159,68,164,210,1,1
199,160,68,162,210,1,1
199,160,68,163,210,1,1
199,160,66,163,210,1,1
199,160,65,164,210,1,1
199,161,66,164,211,1,1
196,163,68,165,211,1,1
193,165,68,165,210,1,1
193,165,67,169,211,1,1
193,165,67,170,211,1,1
193,165,68,170,211,1,1
193,166,68,171,211,1,1
193,170,68,173,214,1,1
192,171,69,173,214,1,1
193,169,69,172,213,1,1
192,172,69,173,215,1,1
193,174,70,176,217,1,1
189,174,71,177,215,1,1
191,174,70,176,216,1,1
187,174,70,179,214,1,1
188,175,70,177,215,1,1
187,179,69,176,218,1,1
187,179,70,180,218,1,1
187,178,70,181,217,1,1
187,177,70,180,216,1,1
187,178,68,181,217,1,1
187,175,69,182,215,1,1
187,176,70,180,216,1,1
186,176,69,182,215,1,1
181,171,69,179,208,1,1
183,174,67,177,211,1,1
187,174,69,178,214,1,1
182,177,69,183,214,1,1
181,176,70,183,212,1,1
181,178,70,182,213,1,1
181,177,70,183,213,1,1
181,179,69,185,214,1,1
181,179,68,187,214,1,1
181,180,68,186,215,1,1
181,182,67,186,216,1,1
181,182,67,193,216,1,1
178,182,67,191,214,1,1
178,184,68,191,217,1,1
178,184,67,191,217,1,1
180,183,66,190,217,1,1
176,186,66,191,217,1,1
178,186,66,194,218,1,1
175,187,66,195,217,1,1
175,189,66,195,219,1,1
175,185,66,193,215,1,1
175,158,66,186,194,1,1
173,154,66,173,189,1,1
170,148,65,160,183,1,1
170,155,64,163,188,1,1
169,162,64,165,194,1,1
169,159,64,166,191,1,1
168,158,64,165,189,1,1
169,158,64,165,190,1,1
169,161,64,165,192,1,1
168,162,64,168,193,1,1
166,163,64,169,192,1,1
169,163,64,172,194,1,1
166,165,64,173,195,1,1
167,163,64,172,193,1,1
166,164,64,172,193,1,1
169,165,64,172,196,1,1
166,165,64,173,194,1,1
169,164,64,173,195,1,1
164,163,64,172,191,1,1
162,163,64,172,190,1,1
162,159,64,170,187,1,1
161,156,65,169,184,1,1
161,151,65,166,180,1,1
161,149,64,164,179,1,1
162,149,65,161,179,1,1
158,145,65,160,173,1,1
159,143,65,157,173,1,1
156,143,65,155,171,1,1
156,138,66,154,167,1,1
156,137,65,153,167,1,1
156,135,65,151,164,1,1
156,133,64,150,163,1,1
155,131,65,147,161,1,1
155,128,65,145,158,1,1
151,126,64,143,155,1,1
152,125,65,144,154,1,1
151,124,65,142,153,1,1
151,120,66,141,150,1,1
151,118,66,140,149,1,1
151,118,66,137,148,1,1
151,115,66,136,146,1,1
151,113,66,135,144,1,1
151,111,66,134,143,1,1
151,110,65,131,142,1,1
151,106,66,129,139,1,1
151,108,66,128,141,1,1
151,106,65,128,139,1,1
151,104,65,128,137,1,1
151,104,65,130,137,1,1
151,101,65,128,135,1,1
150,99,64,124,133,1,1
147,97,64,124,130,1,1
145,94,64,122,126,1,1
149,95,64,121,129,1,1
145,93,65,119,125,1,1
146,91,65,120,125,1,1
146,93,66,120,127,1,1
145,89,66,120,123,1,1
148,90,65,118,125,1,1
145,86,66,115,120,1,1
145,84,66,113,119,1,1
145,84,66,113,119,1,1
145,84,65,114,119,1,1
145,82,64,112,118,1,1
145,82,66,111,117,1,1
145,82,64,109,118,1,1
145,79,64,107,115,1,1
145,80,64,106,115,1,1
145,80,64,105,116,1,1
145,78,65,105,114,1,1
145,78,65,106,114,1,1
145,78,64,105,114,1,1
145,79,64,103,115,1,1
145,81,63,105,117,1,1
145,81,64,105,116,1,1
143,79,65,105,114,1,1
144,81,65,103,115,1,1
143,80,65,102,115,1,1
143,76,65,102,111,1,1
142,84,65,103,117,1,1
145,76,65,102,113,1,1
144,80,65,100,115,1,1
143,76,65,101,111,1,1
140,77,65,103,111,1,1
141,75,65,103,110,1,1
139,75,65,101,108,1,1
139,76,65,100,110,1,1
139,76,65,100,109,1,1
143,73,65,100,109,1,1
140,75,64,101,110,1,1
140,78,64,103,111,1,1
143,80,65,106,115,1,1
145,78,65,107,114,1,1
145,79,65,108,115,1,1
145,80,65,109,115,1,1
145,81,65,111,117,1,1
145,81,64,110,117,1,1
145,81,63,109,116,1,1
145,83,65,111,118,1,1
145,80,64,110,116,0,1
145,84,63,111,119,0,1
145,84,63,111,119,0,1
141,83,63,111,116,0,1
141,83,64,111,116,0,1
141,82,63,109,115,0,1
140,81,64,106,114,0,1
139,79,63,104,112,0,1
139,78,62,102,111,0,1
139,78,62,105,111,0,1
139,78,62,103,111,0,1
139,76,62,101,109,0,1
139,75,62,100,109,0,1
139,75,62,101,109,0,1
139,75,62,100,109,0,1
138,75,62,98,108,0,1
136,74,62,99,106,0,1
139,75,62,98,108,0,1
134,72,62,96,103,0,1
136,73,62,95,106,0,1
132,70,62,94,102,0,1
134,71,62,94,103,0,1
132,70,62,92,102,0,1
132,71,62,90,102,1,1
132,71,62,90,102,1,1
132,71,62,90,102,1,1
132,68,62,90,100,1,1
132,72,62,90,103,1,1
132,76,62,92,106,1,1
132,85,62,96,113,1,1
132,81,46,99,110,1,1
132,78,0,98,108,0,0
130,78,0,95,106,0,0
128,78,0,92,106,0,0
131,78,0,92,106,0,0
128,75,0,92,103,0,0
126,76,0,92,103,0,0
126,76,0,91,103,0,0
124,75,0,89,101,0,0
124,74,0,88,100,0,0
123,73,0,87,99,0,0
124,74,0,87,100,0,0
121,73,0,87,98,0,0
121,73,0,87,98,0,0
121,71,0,86,96,0,0
121,73,0,84,98,0,0
117,70,0,84,94,0,0
115,70,0,83,93,0,0
118,71,0,83,95,0,0
115,70,0,81,93,0,0
115,70,0,81,93,0,0
117,70,0,79,94,0,0
115,70,0,78,93,0,0
115,70,0,75,92,0,0
113,69,0,77,91,0,0
113,69,0,76,91,0,0
109,67,0,75,87,0,0
107,68,0,74,87,0,0
107,66,0,75,86,0,0
105,68,0,75,86,0,0
104,65,0,73,83,0,0
102,65,0,72,82,0,0
102,65,0,70,83,0,0
102,65,0,69,82,0,0
102,65,0,69,82,0,0
97,63,0,70,78,0,0
98,64,0,69,79,0,0
96,62,0,68,77,0,0
96,62,0,68,77,0,0
96,62,0,68,77,0,0
94,62,0,67,76,0,0
94,61,0,65,76,0,0
94,61,0,63,75,0,0
90,59,0,62,72,0,0
90,59,0,62,72,0,0
90,59,0,62,72,0,0
90,59,0,61,72,0,0
87,58,0,60,70,0,0
84,57,0,59,68,0,0
84,57,0,59,68,0,0
84,57,0,59,68,0,0
78,58,0,58,66,0,0
78,57,0,58,65,0,0
81,57,0,57,66,0,0
78,57,0,55,65,0,0
78,57,0,55,65,0,0
78,57,0,54,65,0,0
78,57,0,54,65,0,0
78,55,0,54,64,0,0
78,56,0,54,64,0,0
78,55,0,52,63,0,0
78,55,0,51,64,0,0
78,55,0,50,63,0,0
78,54,0,50,63,0,0
78,54,0,50,63,0,0
78,54,0,49,63,0,0
78,54,0,48,63,0,0
77,53,0,48,61,0,0
72,51,0,49,58,0,0
74,49,0,48,57,0,0
72,50,0,47,57,0,0
72,49,0,45,56,0,0
72,50,0,46,57,0,0
70,48,0,45,55,0,0
68,51,0,46,56,0,0
69,50,0,46,56,0,0
67,50,0,44,55,0,0
70,51,0,45,57,0,0
72,50,0,44,57,0,0
67,48,0,44,53,0,0
66,50,0,43,54,0,0
66,50,0,42,54,0,0
66,48,0,41,53,0,0
66,49,0,41,53,0,0
66,48,0,41,53,0,0
66,48,0,41,53,0,0
63,47,0,41,51,0,0
62,46,0,41,50,0,0
61,46,0,39,49,0,0
60,45,0,39,48,0,0
60,45,0,40,48,0,0
60,45,0,40,48,0,0
60,45,0,39,48,0,0
60,45,0,39,48,0,0
60,45,0,38,48,0,0
60,44,0,37,47,0,0
60,45,0,36,48,0,0
60,43,0,35,46,0,0
60,45,0,36,48,0,0
59,43,0,36,46,0,0
58,43,0,35,46,0,0
56,42,0,34,44,0,0
54,42,0,34,43,0,0
56,42,0,32,43,0,0
54,40,0,32,42,0,0
56,40,0,32,43,0,0
54,40,0,32,42,0,0
54,40,0,30,42,0,0
54,40,0,31,42,0,0
54,40,0,31,42,0,0
54,40,0,30,41,0,0
54,38,0,30,41,0,0
54,37,0,30,39,0,0
54,37,0,31,39,0,0
54,38,0,30,40,0,0
54,38,0,29,40,0,0
56,38,0,29,41,0,0
54,38,0,27,40,0,0
56,38,0,26,41,0,0
54,35,0,28,38,0,0
54,37,0,29,39,0,0
54,38,0,28,40,0,0
54,38,0,28,40,0,0
54,38,0,28,40,0,0
54,38,0,27,40,0,0
54,38,0,25,40,0,0
54,36,0,25,39,0,0
54,35,0,24,38,0,0
54,35,0,24,38,0,0
56,35,0,24,38,0,0
54,35,0,24,38,0,0
54,35,0,24,38,0,0
54,35,0,23,38,0,0
54,34,0,24,37,0,0
54,35,0,24,38,0,0
54,34,0,24,37,0,0
54,33,0,25,37,0,0
53,33,0,24,36,0,0
53,33,0,23,36,0,0
54,32,0,25,36,0,0
50,32,0,23,34,0,0
49,32,0,22,34,0,0
49,32,0,23,34,0,0
48,32,0,24,33,0,0
48,32,0,24,33,0,0
48,31,0,23,32,0,0
48,31,0,22,33,0,0
48,31,0,23,33,0,0
48,32,0,24,33,0,0
48,32,0,24,33,0,0
48,32,0,23,33,0,0
48,32,0,21,33,0,0
48,32,0,21,33,0,0
46,32,0,20,32,0,0
48,32,0,20,33,0,0
46,32,0,21,32,0,0
46,32,0,20,32,0,0
48,32,0,21,33,0,0
41,29,0,21,28,0,0
41,31,0,21,29,0,0
41,30,0,21,29,0,0
41,31,0,20,29,0,0
41,31,0,18,30,0,0
41,30,0,17,29,0,0
41,29,0,17,28,0,0
41,29,0,17,28,0,0
41,29,0,17,28,0,0
41,29,0,17,28,0,0
41,29,0,16,28,0,0
41,27,0,17,27,0,0
41,27,0,14,27,0,0
41,27,0,16,27,0,0
41,27,0,17,27,0,0
41,27,0,17,27,0,0
41,27,0,19,27,0,0
41,27,0,18,27,0,0
41,27,0,17,27,0,0
41,27,0,17,27,0,0
41,27,0,17,27,0,0
46,27,0,16,29,0,0
43,27,0,16,27,0,0
41,27,0,17,27,0,0
41,25,0,18,26,0,0
41,25,0,17,26,0,0
43,24,0,16,25,0,0
44,24,0,16,26,0,0
41,24,0,16,25,0,0
41,23,0,15,24,0,0
44,22,0,15,25,0,0
41,24,0,15,25,0,0
41,24,0,16,25,0,0
43,23,0,16,25,0,0
41,22,0,15,24,0,0
41,21,0,15,23,0,0
43,22,0,15,24,0,0
41,23,0,15,24,0,0
45,21,0,14,24,0,0
41,22,0,14,23,0,0
41,21,0,13,23,0,0
41,21,0,12,23,0,0
41,21,0,12,23,0,0
41,21,0,12,23,0,0
41,21,0,13,23,0,0
41,21,0,13,23,0,0
41,21,0,14,23,0,0
39,20,0,13,21,0,0
41,21,0,13,23,0,0
41,20,0,11,22,0,0
41,21,0,12,23,0,0
41,20,0,14,22,0,0
41,21,0,13,23,0,0
41,21,0,13,23,0,0
41,20,0,14,22,0,0
41,20,0,14,22,0,0
41,18,0,12,21,0,0
41,17,0,12,20,0,0
41,19,0,13,21,0,0
41,18,0,12,21,0,0
41,18,0,13,21,0,0
40,18,0,12,20,0,0
40,18,0,12,20,0,0
41,18,0,13,21,0,0
41,18,0,11,21,0,0
41,18,0,11,20,0,0
40,15,0,10,18,0,0
40,16,0,11,19,0,0
41,16,0,11,19,0,0
41,16,0,10,19,0,0
39,15,0,10,18,0,0
36,14,0,10,15,0,0
35,13,0,10,15,0,0
35,14,0,11,15,0,0
37,17,0,11,18,0,0
35,13,0,10,15,0,0
35,14,0,10,15,0,0
35,16,0,10,16,0,0
35,14,0,10,15,0,0
35,14,0,11,15,0,0
35,16,0,11,16,0,0
35,13,0,11,15,0,0
35,13,0,10,15,0,0
34,13,0,8,14,0,0
35,13,0,10,15,0,0
35,14,0,10,15,0,0
32,13,0,10,13,0,0
35,13,0,10,15,0,0
35,13,0,10,15,0,0
35,13,0,10,15,0,0
33,13,0,11,13,0,0
33,13,0,11,14,0,0
31,13,0,9,13,0,0
31,13,0,8,13,0,0
31,13,0,8,13,0,0
33,12,0,8,12,0,0
31,12,0,8,12,0,0
33,12,0,9,13,0,0
31,10,0,9,11,0,0
31,10,0,8,11,0,0
34,10,0,9,12,0,0
33,10,0,8,11,0,0
30,10,0,8,10,0,0
30,10,0,10,10,0,0
34,10,0,8,12,0,0
31,11,0,7,11,0,0
30,10,0,9,10,0,0
32,10,0,9,11,0,0
30,10,0,8,10,0,0
30,10,0,8,10,0,0
31,10,0,8,11,0,0
30,10,0,9,10,0,0
31,9,0,8,10,0,0
30,10,0,7,10,0,0
30,10,0,8,10,0,0
31,10,0,9,11,0,0
30,10,0,9,10,0,0
30,9,0,8,10,0,0
30,10,0,7,10,0,0
30,10,0,7,10,0,0
30,10,0,7,10,0,0
30,8,0,8,9,0,0
30,10,0,9,10,0,0
31,10,0,8,10,0,0
31,9,0,9,10,0,0
32,7,0,8,9,0,0
30,7,0,8,8,0,0
33,7,0,8,9,0,0
31,7,0,7,8,0,0
33,7,0,7,9,0,0
34,7,0,7,10,0,0
33,7,0,7,10,0,0
34,7,0,6,10,0,0
33,7,0,6,9,0,0
32,7,0,7,9,0,0
32,6,0,6,8,0,0
30,6,0,6,7,0,0
33,6,0,6,9,0,0
33,7,0,6,9,0,0
32,7,0,7,9,0,0
33,6,0,6,8,0,0
30,7,0,5,8,0,0
30,7,0,5,8,0,0
30,7,0,6,8,0,0
31,6,0,6,8,0,0
30,6,0,6,7,0,0
30,7,0,6,8,0,0
30,5,0,7,7,0,0
30,5,0,7,6,0,0
30,7,0,7,8,0,0
30,6,0,8,7,0,0
30,5,0,7,6,0,0
30,5,0,7,6,0,0
30,5,0,6,6,0,0
30,6,0,7,7,0,0
30,5,0,7,6,0,0
30,5,0,5,6,0,0
30,5,0,6,6,0,0
30,5,0,6,6,0,0
30,5,0,6,6,0,0
30,5,0,6,6,0,0
30,5,0,6,6,0,0
30,5,0,6,6,0,0
30,5,0,7,6,0,0
30,5,0,7,6,0,0
30,5,0,7,7,0,0
28,5,0,7,6,0,0
28,5,0,6,6,0,0
30,5,0,6,6,0,0
28,3,0,6,4,0,0
28,4,0,6,5,0,0
28,4,0,5,5,0,0
25,3,0,5,3,0,0
28,4,0,6,5,0,0
27,3,0,6,4,0,0
26,3,0,6,4,0,0
26,4,0,6,4,0,0
30,5,0,6,6,0,0
28,4,0,5,5,0,0
25,3,0,6,4,0,0
28,4,0,5,5,0,0
25,3,0,4,3,0,0
27,4,0,4,5,0,0
28,4,0,6,5,0,0
26,3,0,6,4,0,0
26,3,0,5,4,0,0
27,3,0,4,4,0,0
27,3,0,4,4,0,0
27,3,0,5,4,0,0
26,3,0,7,4,0,0
27,3,0,5,4,0,0
25,3,0,5,3,0,0
24,2,0,5,2,0,0
24,2,0,6,2,0,0
24,3,0,6,3,0,0
24,2,0,5,2,0,0
24,2,0,4,2,0,0
24,3,0,4,3,0,0
24,2,0,6,2,0,0
24,2,0,7,2,0,0
24,2,0,7,2,0,0
26,3,0,6,4,0,0
24,2,0,6,2,0,0
24,2,0,5,2,0,0
24,2,0,4,2,0,0
24,2,0,4,2,0,0
24,2,0,4,2,0,0
24,2,0,5,2,0,0
22,3,0,4,2,0,0
24,3,0,4,3,0,0
22,4,0,5,3,0,0
23,4,0,5,3,0,0
24,3,0,6,3,0,0
24,4,0,5,3,0,0
24,2,0,5,2,0,0
22,2,0,5,2,0,0
21,4,0,6,2,0,0
24,2,0,6,2,0,0
24,2,0,6,2,0,0
22,3,0,5,2,0,0
22,4,0,4,3,0,0
24,2,0,4,2,0,0
24,4,0,6,3,0,0
24,3,0,5,3,0,0
24,2,0,5,2,0,0
24,4,0,5,3,0,0
24,2,0,4,2,0,0
24,2,0,4,2,0,0
24,2,0,5,2,0,0
24,2,0,5,2,0,0
24,2,0,5,2,0,0
24,2,0,5,2,0,0
23,2,0,6,2,0,0
24,2,0,6,2,0,0
24,2,0,6,2,0,0
24,2,0,5,2,0,0
24,3,0,5,3,0,0
24,3,0,5,3,0,0
24,2,0,4,2,0,0
23,3,0,4,2,0,0
22,4,0,4,2,0,0
24,2,0,5,2,0,0
24,4,0,6,3,0,0
24,5,0,6,4,0,0
24,5,0,6,4,0,0
21,5,0,5,3,0,0
21,5,0,5,3,0,0
19,3,0,6,1,0,0
22,5,0,4,3,0,0
24,5,0,5,4,0,0
22,5,0,6,3,0,0
22,5,0,6,3,0,0
23,4,0,5,3,0,0
20,4,0,6,2,0,0
22,2,0,5,2,0,0
22,5,0,6,3,0,0
19,4,0,6,2,0,0
24,2,0,7,2,0,0
24,4,0,6,3,0,0
21,5,0,5,3,0,0
24,5,0,5,4,0,0
21,5,0,5,3,0,0
21,5,0,6,3,0,0
24,5,0,6,4,0,0
19,4,0,6,2,0,0
19,5,0,5,2,0,0
19,5,0,6,2,0,0
18,4,0,6,1,0,0
18,5,0,6,1,0,0
19,5,0,6,2,0,0
24,4,0,6,3,0,0
18,2,0,5,0,0,0
24,3,0,5,3,0,0
21,2,0,5,1,0,0
24,2,0,6,2,0,0
22,2,0,5,1,0,0
22,2,0,5,1,0,0
22,2,0,4,2,0,0
21,3,0,4,2,0,0
24,3,0,5,3,0,0
24,3,0,6,3,0,0
24,2,0,6,2,0,0
22,2,0,7,1,0,0
24,2,0,6,2,0,0
24,2,0,6,2,0,0
24,1,0,5,1,0,0
24,0,0,4,1,0,0
24,0,0,5,0,0,0
24,0,0,4,0,0,0
24,0,0,4,1,0,0
24,0,0,4,0,0,0
23,1,0,4,1,0,0
22,0,0,4,0,0,0
24,0,0,5,0,0,0
22,0,0,4,0,0,0
24,1,0,4,1,0,0
22,0,0,3,0,0,0
22,0,0,4,0,0,0
24,0,0,4,0,0,0
24,0,0,4,0,0,0
24,0,0,5,1,0,0
24,0,0,4,1,0,0
24,0,0,3,0,0,0
22,2,0,3,1,0,0
22,2,0,3,1,0,0
24,0,0,4,1,0,0
22,0,0,4,0,0,0
21,2,0,3,1,0,0
22,2,0,4,1,0,0
19,2,0,4,0,0,0
21,2,0,4,1,0,0
24,2,0,4,2,0,0
20,2,0,4,1,0,0
23,2,0,4,2,0,0
24,2,0,5,2,0,0
24,2,0,4,2,0,0
21,2,0,4,1,0,0
21,2,0,5,1,0,0
24,2,0,4,2,0,0
23,2,0,4,2,0,0
24,2,0,4,2,0,0
22,2,0,4,2,0,0
22,3,0,6,2,0,0
22,4,0,4,3,0,0
24,3,0,4,3,0,0
20,2,0,4,1,0,0
21,2,0,5,1,0,0
24,2,0,4,2,0,0
22,2,0,3,2,0,0
19,3,0,5,1,0,0
19,4,0,3,2,0,0
18,5,0,3,1,0,0
19,5,0,4,2,0,0
18,5,0,3,1,0,0
18,5,0,3,1,0,0
18,5,0,3,1,0,0
18,5,0,3,1,0,0
18,5,0,3,1,0,0
18,5,0,4,1,0,0
18,5,0,4,1,0,0
18,5,0,3,1,0,0
18,5,0,2,1,0,0
18,5,0,4,1,0,0
18,5,0,3,1,0,0
18,5,0,2,1,0,0
18,5,0,3,1,0,0
18,5,0,2,1,0,0
18,5,0,2,1,0,0
18,5,0,3,1,0,0
18,5,0,3,1,0,0
18,5,0,3,1,0,0
18,5,0,3,1,0,0
18,5,0,3,1,0,0
18,5,0,2,1,0,0
18,5,0,3,1,0,0
18,5,0,2,1,0,0
18,5,0,2,1,0,0
18,5,0,3,2,0,0
18,7,0,5,3,0,0
18,6,0,3,3,0,0
18,7,0,3,3,0,0
18,7,0,4,3,0,0
18,7,0,3,3,0,0
18,7,0,2,3,0,0
18,7,0,3,3,0,0
18,5,0,2,1,0,0
18,6,0,1,2,0,0
18,5,0,0,2,0,0
18,5,0,2,2,0,0
18,6,0,2,3,0,0
18,7,0,1,3,0,0
18,7,0,2,3,0,0
18,7,0,2,3,0,0
18,7,0,3,3,0,0
18,6,0,3,2,0,0
18,7,0,2,3,0,0
18,7,0,2,3,0,0
15,6,0,3,2,0,0
18,7,0,3,3,0,0
18,5,0,2,2,0,0
18,7,0,2,3,0,0
18,6,0,1,3,0,0
18,7,0,1,3,0,0
18,6,0,1,2,0,0
18,7,0,2,3,0,0
18,7,0,2,3,0,0
18,7,0,1,3,0,0
18,7,0,1,3,0,0
18,7,0,2,3,0,0
18,7,0,3,3,0,0
16,7,0,2,2,0,0
15,6,0,1,1,0,0
16,7,0,1,3,0,0
18,7,0,2,3,0,0
13,6,0,2,0,0,0
18,7,0,1,3,0,0
16,7,0,2,3,0,0
13,6,0,2,0,0,0
13,7,0,0,1,0,0
15,8,0,3,2,0,0
16,7,0,3,2,0,0
15,7,0,4,2,0,0
18,7,0,4,3,0,0
13,6,0,2,0,0,0
15,9,0,2,4,0,0
16,10,0,0,4,0,0
18,9,0,0,4,0,0
18,8,0,2,4,0,0
16,7,0,2,3,0,0
14,6,0,1,1,0,0
18,9,0,1,4,0,0
18,7,0,1,3,0,0
18,7,0,1,3,0,0
18,7,0,1,3,0,0
18,7,0,2,3,0,0
18,7,0,2,3,0,0
18,8,0,2,4,0,0
18,9,0,0,4,0,0
18,7,0,2,3,0,0
16,7,0,2,3,0,0
18,9,0,3,5,0,0
18,9,0,2,4,0,0
18,7,0,1,3,0,0
18,7,0,1,3,0,0
16,7,0,1,2,0,0
16,8,0,2,3,0,0
18,10,0,2,5,0,0
18,10,0,0,5,0,0
14,8,0,2,2,0,0
13,6,0,1,0,0,0
11,7,0,0,0,0,0
11,7,0,0,0,0,0
11,7,0,1,0,0,0
11,7,0,2,0,0,0
11,7,0,1,0,0,0
11,10,0,1,2,0,0
11,9,0,0,2,0,0
11,10,0,0,2,0,0
11,10,0,1,2,0,0
11,10,0,2,2,0,0
11,10,0,1,2,0,0
11,10,0,1,2,0,0
11,10,0,2,2,0,0
11,10,0,2,2,0,0
11,10,0,3,2,0,0
11,10,0,2,2,0,0
11,10,0,1,2,0,0
11,10,0,1,2,0,0
11,10,0,2,2,0,0
11,10,0,1,2,0,0
9,10,0,0,1,0,0
11,10,0,1,2,0,0
11,10,0,0,2,0,0
11,10,0,1,2,0,0
11,10,0,1,2,0,0
11,10,0,1,2,0,0
11,9,0,1,2,0,0
11,10,0,2,2,0,0
11,10,0,2,2,0,0
11,10,0,2,2,0,0
11,10,0,2,2,0,0
11,10,0,2,2,0,0
11,10,0,2,2,0,0
11,10,0,2,2,0,0
11,9,0,3,2,0,0
11,10,0,2,2,0,0
11,10,0,1,2,0,0
11,10,0,1,2,0,0
11,10,0,1,2,0,0
11,9,0,1,2,0,0
11,10,0,1,2,0,0
11,10,0,2,2,0,0
11,10,0,1,2,0,0
11,10,0,1,2,0,0
11,9,0,2,1,0,0
11,8,0,1,1,0,0
11,10,0,1,2,0,0
11,10,0,1,2,0,0
11,10,0,1,2,0,0
11,9,0,2,2,0,0
11,10,0,2,2,0,0
11,10,0,1,2,0,0
11,9,0,1,2,0,0
11,9,0,1,1,0,0
11,10,0,1,2,0,0
11,10,0,3,2,0,0
11,10,0,2,2,0,0
11,10,0,3,2,0,0
11,10,0,2,2,0,0
11,10,0,2,2,0,0
11,8,0,2,1,0,0
11,10,0,2,2,0,0
11,10,0,1,2,0,0
11,10,0,1,2,0,0
11,10,0,1,2,0,0
11,10,0,2,2,0,0
11,10,0,1,2,0,0
11,10,0,1,2,0,0
11,10,0,3,2,0,0
11,10,0,3,2,0,0
11,10,0,2,2,0,0
11,10,0,2,2,0,0
11,10,0,2,2,0,0
11,10,0,3,2,0,0
11,10,0,2,2,0,0
11,10,0,2,2,0,0
11,10,0,1,2,0,0
11,10,0,1,2,0,0
9,10,0,2,2,0,0
11,10,0,1,2,0,0
11,10,0,2,2,0,0
11,10,0,1,2,0,0
11,10,0,1,2,0,0
11,10,0,1,2,0,0
11,10,0,1,2,0,0
11,10,0,1,2,0,0
11,10,0,2,2,0,0
11,10,0,2,2,0,0
9,10,0,2,2,0,0
9,10,0,1,2,0,0
8,12,0,2,2,0,0
6,13,0,1,2,0,0
6,13,0,1,2,0,0
9,13,0,3,3,0,0
8,13,0,3,3,0,0
9,12,0,2,3,0,0
5,13,0,2,2,0,0
5,13,0,1,2,0,0
5,13,0,2,2,0,0
7,13,0,2,3,0,0
5,13,0,2,2,0,0
7,13,0,1,3,0,0
5,13,0,1,2,0,0
5,14,0,3,2,0,0
5,14,0,3,2,0,0
5,15,0,2,3,0,0
5,16,0,1,3,0,0
5,16,0,1,3,0,0
5,16,0,1,3,0,0
5,16,0,2,3,0,0
5,16,0,3,3,0,0
5,14,0,1,3,0,0
5,13,0,1,2,0,0
5,16,0,2,3,0,0
5,15,0,1,3,0,0
5,16,0,2,3,0,0
5,16,0,3,3,0,0
5,16,0,2,3,0,0
5,15,0,2,3,0,0
5,14,0,0,3,0,0
5,16,0,1,3,0,0
5,16,0,2,3,0,0
5,16,0,2,3,0,0
5,16,0,2,3,0,0
5,16,0,2,3,0,0
5,16,0,2,3,0,0
5,16,0,1,3,0,0
5,16,0,0,3,0,0
5,16,0,1,3,0,0
4,15,0,2,3,0,0
3,15,0,1,2,0,0
5,16,0,0,3,0,0
5,16,0,2,3,0,0
5,16,0,2,3,0,0
5,16,0,2,3,0,0
5,16,0,2,3,0,0
5,16,0,1,3,0,0
5,16,0,2,4,0,0
4,16,0,1,3,0,0
3,17,0,2,4,0,0
5,16,0,1,3,0,0
5,16,0,0,3,0,0
5,16,0,1,3,0,0
4,15,0,2,2,0,0
4,16,0,1,3,0,0
5,17,0,1,5,0,0
5,18,0,3,5,0,0
5,18,0,2,5,0,0
5,18,0,0,5,0,0
5,17,0,1,5,0,0
5,16,0,1,3,0,0
5,16,0,1,3,0,0
5,16,0,2,3,0,0
5,18,0,2,5,0,0
5,16,0,2,4,0,0
5,16,0,1,3,0,0
5,18,0,1,5,0,0
5,16,0,0,4,0,0
5,16,0,2,3,0,0
7,16,0,1,4,0,0
9,16,0,0,5,0,0
11,16,0,0,6,0,0
11,16,0,1,6,0,0
11,16,0,2,6,0,0
11,16,0,1,6,0,0
11,16,0,1,6,0,0
11,14,0,2,5,0,0
11,15,0,1,6,0,0
11,16,0,2,6,0,0
11,16,0,2,6,0,0
11,16,0,1,6,0,0
11,15,0,1,6,0,0
11,16,0,2,6,0,0
10,16,0,2,6,0,0
7,16,0,2,4,0,0
5,16,0,2,4,0,0
5,17,0,3,4,0,0
5,18,0,3,5,0,0
5,18,0,1,5,0,0
5,18,0,1,5,0,0
5,18,0,1,5,0,0
5,18,0,2,5,0,0
3,18,0,2,4,0,0
5,20,0,2,6,0,0
4,20,0,3,5,0,0
2,19,0,1,4,0,0
2,19,0,1,4,0,0
5,21,0,2,7,0,0
0,18,0,3,3,0,0
1,19,0,1,4,0,0
2,20,0,0,5,0,0
0,18,0,1,3,0,0
2,20,0,2,5,0,0
4,20,0,2,6,0,0
0,18,0,1,3,0,0
1,19,0,1,4,0,0
0,18,0,1,3,0,0
0,18,0,2,3,0,0
1,19,0,2,4,0,0
0,18,0,3,3,0,0
0,19,0,3,3,0,0
1,20,0,2,5,0,0
0,21,0,1,5,0,0
0,21,0,3,5,0,0
0,21,0,3,5,0,0
0,21,0,4,5,0,0
0,21,0,3,5,0,0
0,21,0,3,5,0,0
2,19,0,3,4,0,0
5,20,0,3,6,0,0
5,18,0,3,5,0,0
5,18,0,3,5,0,0
5,18,0,2,5,0,0
5,18,0,3,5,0,0
5,18,0,2,5,0,0
5,18,0,2,5,0,0
6,18,0,3,6,0,0
9,16,0,4,5,0,0
8,17,0,3,6,0,0
8,16,0,3,5,0,0
6,18,0,1,5,0,0
6,18,0,2,5,0,0
5,18,0,3,5,0,0
5,18,0,2,5,0,0
5,18,32,3,5,1,0
5,20,62,3,6,1,0
5,23,65,4,8,1,0
5,24,62,6,9,0,0
6,27,62,8,11,0,0
5,29,62,11,13,0,0
6,29,62,10,13,0,0
6,29,62,11,13,1,0
7,29,61,12,14,1,0
11,29,61,11,15,1,0
9,31,62,11,15,1,0
11,33,60,13,18,1,0
11,36,59,17,19,1,0
11,38,60,18,21,1,1
11,42,59,19,24,1,1
11,43,59,20,24,1,1
11,43,60,23,24,1,1
14,46,60,24,28,1,1
18,48,61,25,31,1,1
18,51,61,25,32,1,1
18,52,62,27,33,1,1
18,54,62,28,35,1,1
18,54,61,28,35,1,1
18,54,62,28,35,1,1
18,56,61,29,36,1,1
19,58,61,31,38,1,1
18,60,61,33,39,1,1
18,62,60,35,40,1,1
18,62,60,37,40,1,1
21,62,60,36,42,1,1
21,62,61,37,41,1,1
21,62,62,38,41,1,1
23,62,62,40,42,1,1
24,62,62,41,43,1,1
28,62,62,41,45,1,1
30,61,62,41,45,1,1
30,62,62,42,46,1,1
30,62,62,43,46,1,1
30,62,62,45,46,1,1
32,62,62,45,47,1,1
32,62,62,46,46,1,1
30,65,62,47,48,1,1
33,65,62,49,49,1,1
35,65,62,51,50,1,1
34,65,62,51,50,1,1
34,68,62,52,51,1,1
33,69,62,54,52,1,1
34,70,62,55,53,1,1
35,70,63,56,54,1,1
35,70,63,56,54,1,1
35,71,64,56,55,1,1
35,73,65,56,56,1,1
34,73,65,58,55,1,1
35,73,65,60,56,1,1
35,73,65,62,56,1,1
35,73,65,62,56,1,1
35,73,65,62,56,1,1
35,73,65,62,56,1,1
35,73,65,62,56,1,1
35,73,65,64,56,1,1
35,73,65,64,56,1,1
35,73,65,65,56,1,1
37,73,65,66,57,1,1
35,73,66,68,56,1,1
38,74,65,67,58,1,1
35,73,65,68,56,1,1
41,75,66,71,60,1,1
38,74,66,70,57,1,1
40,75,66,70,59,1,1
41,75,66,70,60,1,1
41,75,66,71,60,1,1
40,74,66,71,59,1,1
40,72,66,69,58,1,1
41,74,66,73,59,1,1
41,75,65,75,60,1,1
41,74,65,75,59,1,1
41,73,64,74,58,1,1
44,73,64,73,60,1,1
41,74,64,75,60,1,1
41,75,64,75,60,1,1
41,77,65,77,61,1,1
41,76,64,77,61,1,1
41,78,65,78,62,1,1
41,78,65,78,62,1,1
41,78,66,79,62,1,1
41,78,65,79,62,1,1
43,78,66,80,63,1,1
47,78,66,82,65,1,1
48,77,66,82,65,1,1
48,76,66,82,64,1,1
49,75,66,83,64,1,1
53,75,66,83,66,1,1
54,75,66,82,66,1,1
54,75,66,81,66,1,1
56,74,66,83,66,0,1
58,75,66,83,68,0,1
60,83,66,85,75,1,1
59,80,67,84,72,1,1
57,76,67,84,68,1,1
59,84,68,85,75,1,1
60,88,67,88,78,1,1
60,89,68,92,79,1,1
62,91,68,93,81,1,1
63,94,67,95,84,1,1
60,99,68,97,86,1,1
60,103,68,98,89,1,1
60,107,67,101,92,1,1
60,108,69,105,93,1,1
60,110,66,107,94,1,1
60,112,65,110,95,1,1
60,113,65,111,96,1,1
61,114,65,114,97,1,1
62,117,66,114,100,1,1
62,119,67,116,101,1,1
61,120,68,116,102,1,1
63,121,68,117,103,1,1
64,121,68,121,104,1,1
66,124,68,122,107,1,1
66,126,68,123,108,1,1
66,127,68,126,109,1,1
67,126,68,128,109,1,1
67,127,68,129,109,1,1
67,127,68,130,109,1,1
70,127,68,130,111,1,1
67,128,69,130,110,1,1
66,130,68,132,111,1,1
69,131,69,131,114,1,1
69,131,69,132,113,1,1
67,133,70,135,114,1,1
72,133,69,137,116,1,1
72,136,69,139,118,1,1
72,135,69,141,118,1,1
72,136,69,141,118,1,1
73,139,69,145,121,1,1
74,139,69,145,122,1,1
73,140,68,145,122,1,1
76,142,68,148,125,1,1
77,143,67,150,126,1,1
78,141,68,150,126,1,1
78,141,69,152,126,1,1
81,152,69,154,135,1,1
81,146,69,158,131,1,1
84,145,69,159,132,1,1
84,145,69,157,132,1,1
84,146,70,157,132,1,1
84,145,71,157,132,1,1
84,146,71,158,133,1,1
84,149,71,158,135,1,1
84,148,71,161,134,1,1
84,147,71,160,133,1,1
84,148,70,161,134,1,1
86,150,71,160,136,1,1
87,152,71,161,138,1,1
88,155,71,163,141,1,1
89,156,71,164,142,1,1
87,156,71,168,141,1,1
90,156,71,169,143,1,1
90,158,71,168,144,1,1
90,162,71,169,147,1,1
90,159,71,172,145,1,1
90,157,72,172,144,1,1
90,159,71,170,145,1,1
90,158,72,170,144,1,1
90,159,73,170,145,1,1
90,158,73,172,144,1,1
90,157,73,171,144,1,1
90,156,72,169,143,1,1
90,158,72,170,145,1,1
90,163,74,172,148,1,1
90,158,72,173,144,1,1
90,159,72,174,145,1,1
91,159,72,173,146,1,1
90,163,72,176,148,1,1
96,162,72,178,150,1,1
91,163,72,181,149,1,1
94,162,72,181,150,1,1
94,163,74,183,151,1,1
92,164,74,184,150,1,1
95,161,74,183,150,1,1
95,162,74,183,150,1,1
96,163,74,182,152,1,1
96,164,73,183,152,1,1
96,167,75,188,154,1,1
99,163,74,189,153,1,1
98,164,74,187,153,1,1
101,167,74,186,157,1,1
102,165,74,187,156,1,1
102,167,75,186,158,1,1
102,168,76,191,158,1,1
102,168,75,193,159,1,1
102,170,76,197,160,1,1
102,171,76,196,160,1,1
102,170,75,197,160,1,1
102,168,75,199,159,1,1
102,169,75,199,159,1,1
102,168,76,196,159,1,1
102,170,77,195,160,1,1
103,170,77,194,161,1,1
102,171,77,196,160,1,1
102,172,77,200,161,1,1
102,172,77,202,161,1,1
102,174,76,199,163,1,1
102,169,77,199,159,1,1
103,168,77,194,159,1,1
105,168,77,196,160,1,1
105,168,77,198,160,1,1
109,168,79,199,162,1,1
107,168,79,199,162,1,1
105,168,79,199,160,1,1
107,168,80,200,161,1,1
109,168,80,199,162,1,1
109,168,79,201,162,1,1
109,165,78,201,160,1,1
109,166,79,200,161,1,1
109,166,80,198,161,1,1
109,167,80,200,162,1,1
110,167,80,200,162,1,1
112,167,80,199,164,1,1
112,169,79,200,165,1,1
115,171,82,202,168,1,1
113,170,81,201,167,1,1
115,171,80,201,168,1,1
115,170,80,201,167,1,1
112,170,80,202,166,1,1
115,171,80,203,168,1,1
114,170,80,203,167,1,1
115,171,80,205,168,1,1
115,170,82,205,167,1,1
115,170,83,204,167,1,1
115,165,82,204,164,1,1
115,165,81,202,164,1,1
118,163,82,199,164,1,1
115,165,83,199,164,1,1
116,162,83,200,162,1,1
119,160,83,197,162,1,1
119,162,83,195,164,1,1
117,160,83,195,161,1,1
118,159,83,195,161,1,1
121,158,83,194,162,1,1
119,159,83,194,161,1,1
120,155,83,193,159,1,1
121,155,83,191,160,1,1
121,154,82,191,159,1,1
121,154,80,193,159,1,1
121,154,81,192,159,1,1
121,152,82,191,158,1,1
121,154,81,188,159,1,1
121,152,82,189,158,1,1
121,152,81,189,157,1,1
119,152,81,188,156,1,1
121,152,81,188,157,1,1
121,152,82,187,157,1,1
121,150,80,185,156,0,1
121,152,81,184,157,1,1
121,149,80,181,155,1,1
121,147,82,178,153,1,1
121,146,82,174,153,1,1
121,148,80,174,154,1,1
121,148,82,176,154,1,1
121,147,82,177,153,1,1
121,149,81,176,155,1,1
121,149,82,175,155,1,1
121,148,83,173,154,1,1
121,146,83,174,153,1,1
124,148,83,173,156,1,1
122,148,83,171,155,1,1
123,149,84,169,156,1,1
124,148,83,169,156,1,1
126,148,83,168,157,1,1
126,146,84,168,156,1,1
125,146,85,168,156,1,1
126,146,85,170,156,1,1
126,146,83,168,156,1,1
126,145,84,167,155,1,1
126,145,84,167,155,1,1
126,143,84,166,153,1,1
126,143,84,165,153,1,1
127,143,85,165,154,1,1
129,143,87,164,155,1,1
130,142,89,164,155,1,1
132,141,90,166,155,1,1
132,141,90,166,155,1,1
132,140,92,165,154,1,1
132,141,90,166,155,0,1
132,140,88,166,155,0,1
132,138,86,162,153,0,1
132,137,87,161,152,1,1
135,134,87,162,152,1,1
134,134,91,160,151,1,1
134,134,94,159,151,1,1
134,132,94,158,150,1,1
139,133,92,160,153,1,1
139,133,93,159,153,1,1
139,132,96,158,152,1,1
139,130,99,159,151,1,1
144,128,96,157,152,1,1
143,127,98,158,151,1,1
145,127,99,158,152,1,1
145,127,99,157,152,1,1
145,125,100,158,151,1,1
149,125,98,157,153,1,1
149,124,98,157,152,1,1
151,125,98,155,154,1,1
151,124,98,155,153,1,1
152,122,97,155,152,1,1
154,122,99,153,153,1,1
154,121,97,154,152,1,1
156,120,97,153,153,1,1
156,122,97,155,154,1,1
156,120,97,156,153,1,1
159,119,97,155,154,1,1
161,118,98,154,154,1,1
162,118,100,155,155,1,1
162,116,100,153,153,1,1
164,116,99,153,154,1,1
166,116,99,152,156,1,1
167,113,100,154,154,1,1
169,113,99,151,155,1,1
166,112,97,151,152,1,1
169,111,97,152,153,1,1
169,111,97,151,153,1,1
170,110,97,150,153,1,1
171,109,98,149,152,1,1
172,108,99,148,152,1,1
175,106,98,147,152,1,1
175,106,99,148,152,1,1
175,106,98,148,152,1,1
178,106,99,147,154,1,1
180,106,98,148,155,1,1
181,106,97,149,156,1,1
181,106,97,149,156,1,1
181,104,98,147,154,1,1
183,103,98,148,155,1,1
183,101,99,148,152,1,1
185,102,50,149,155,0,1
187,105,29,148,158,0,0
186,102,27,149,155,0,0
187,103,26,148,156,0,0
185,102,28,148,155,0,0
187,103,28,147,156,0,0
184,101,26,145,153,0,0
185,102,27,145,154,0,0
185,100,27,145,153,0,0
186,99,26,143,153,0,0
184,98,26,139,151,0,0
187,98,26,137,153,0,0
184,97,26,137,151,0,0
182,97,25,137,149,0,0
182,97,25,135,149,0,0
181,95,25,134,147,0,0
181,95,26,132,147,0,0
181,94,26,131,146,0,0
181,93,26,129,146,0,0
181,93,25,128,146,0,0
181,92,25,126,145,0,0
181,92,25,125,145,0,0
180,93,40,123,145,0,1
181,97,80,128,149,1,1
181,100,94,128,151,0,1
181,96,95,133,148,0,1
181,93,95,129,145,0,1
181,92,94,123,145,0,1
181,92,83,122,145,0,1
181,98,82,123,150,1,1
181,93,81,122,146,1,1
180,92,84,118,145,1,1
178,92,89,118,143,1,1
181,92,84,115,145,1,1
181,92,89,114,145,1,1
180,92,91,114,144,1,1
181,93,88,115,145,1,1
181,94,89,116,146,1,1
180,95,89,117,146,1,1
180,97,91,118,149,1,1
181,97,91,117,149,1,1
181,97,91,118,149,1,1
182,97,92,119,150,1,1
183,98,91,119,150,1,1
185,97,91,119,150,1,1
185,98,89,120,152,1,1
186,99,89,120,153,1,1
187,100,88,122,154,1,1
187,100,87,122,154,1,1
187,100,89,123,154,1,1
187,100,88,123,154,1,1
187,100,87,123,154,1,1
187,100,86,123,154,1,1
187,100,85,123,154,1,1
187,99,84,123,154,1,1
187,99,85,122,153,1,1
187,100,85,121,154,1,1
187,110,84,126,162,1,1
187,103,84,126,156,1,1
187,103,84,127,156,1,1
187,107,83,129,160,1,1
187,112,83,131,164,1,1
187,118,83,137,169,1,1
187,121,82,138,171,1,1
187,122,82,141,172,1,1
187,126,81,140,175,1,1
187,127,81,142,176,1,1
187,129,81,145,178,1,1
189,132,80,148,181,1,1
187,133,80,149,181,1,1
190,135,80,151,185,1,1
188,136,80,153,184,1,1
187,137,80,154,184,1,1
187,140,79,155,186,1,1
187,144,79,156,190,1,1
187,144,79,159,190,1,1
187,146,78,162,192,1,1
187,146,75,163,192,1,1
188,149,74,164,194,1,1
187,151,75,164,195,1,1
187,154,74,167,198,1,1
187,152,77,169,196,1,1
187,154,78,167,198,1,1
189,157,79,169,201,1,1
187,158,77,172,201,1,1
187,159,77,174,202,1,1
188,160,75,175,203,1,1
189,163,75,178,206,1,1
187,163,74,180,205,1,1
187,166,72,180,208,1,1
187,170,72,181,210,1,1
187,171,72,181,211,1,1
187,175,72,183,214,1,1
187,176,71,184,215,1,1
187,176,71,184,216,1,1
187,179,71,187,218,1,1
187,181,71,189,219,1,1
187,182,71,190,220,1,1
187,184,71,191,222,1,1
185,185,71,191,221,1,1
184,185,70,191,221,1,1
183,187,69,193,222,1,1
181,189,69,194,222,1,1
183,191,69,195,225,1,1
181,193,68,197,225,1,1
181,193,69,199,225,1,1
181,193,69,201,225,1,1
181,194,69,201,227,1,1
181,196,69,201,228,1,1
181,197,69,202,229,1,1
178,200,70,204,229,1,1
177,200,70,205,228,1,1
175,201,69,207,228,1,1
175,202,69,206,229,1,1
175,204,70,207,230,1,1
175,204,70,207,231,1,1
175,206,70,208,232,1,1
175,207,70,210,233,1,1
175,210,70,211,235,1,1
175,210,70,212,235,1,1
174,211,69,213,236,1,1
173,211,69,214,234,1,1
171,212,70,214,234,1,1
170,213,69,213,235,1,1
169,214,69,216,235,1,1
169,214,69,218,235,1,1
169,214,69,218,235,1,1
169,215,69,218,235,1,1
169,216,69,220,236,1,1
169,216,69,221,237,1,1
169,218,69,223,238,1,1
169,219,70,224,238,1,1
169,221,69,224,240,1,1
169,222,69,225,241,1,1
167,223,69,226,240,1,1
164,222,69,226,238,1,1
164,222,69,228,238,1,1
164,223,69,231,238,1,1
162,224,69,231,238,1,1
166,225,70,231,241,1,1
165,225,70,232,240,1,1
167,225,70,235,242,1,1
165,225,70,236,241,1,1
165,227,70,236,242,1,1
164,228,69,235,242,1,1
165,225,68,236,241,1,1
166,226,68,233,242,1,1
162,227,68,233,240,1,1
165,231,68,236,245,1,1
164,231,68,237,244,1,1
162,233,68,238,245,1,1
166,233,68,241,248,1,1
162,233,68,242,245,1,1
162,233,68,241,245,1,1
162,235,68,243,247,1,1
162,236,68,245,248,1,1
162,235,68,244,247,1,1
162,236,68,244,248,1,1
162,236,68,245,248,1,1
162,236,68,246,248,1,1
164,236,68,245,248,1,1
162,239,68,244,250,1,1
162,238,69,247,249,1,1
162,239,69,250,250,1,1
162,239,70,250,250,1,1
162,239,70,252,250,1,1
162,238,70,252,249,1,1
162,236,69,251,248,1,1
162,236,68,250,248,1,1
162,238,68,248,249,1,1
162,238,68,250,249,1,1
162,237,66,251,248,1,1
162,238,67,248,249,1,1
162,239,67,247,250,1,1
162,239,67,248,250,1,1
162,239,68,247,250,1,1
161,237,66,247,248,1,1
162,239,66,248,250,1,1
159,237,66,244,247,1,1
156,236,66,243,244,1,1
156,237,66,244,245,1,1
156,237,66,244,244,1,1
156,239,66,244,246,1,1
156,239,66,246,246,1,1
156,239,66,245,246,1,1
156,239,66,247,246,1,1
156,239,66,244,246,1,1
156,239,66,245,246,1,1
156,239,66,243,246,1,1
156,240,66,244,247,1,1
156,239,66,242,246,1,1
156,242,66,242,248,1,1
156,242,66,244,248,1,1
155,242,66,244,248,1,1
156,243,66,247,249,1,1
155,245,66,247,250,1,1
156,244,66,246,250,1,1
156,244,66,244,250,1,1
156,245,66,243,251,1,1
154,246,67,245,249,1,1
155,247,66,248,252,1,1
156,247,66,249,252,1,1
154,247,66,248,251,1,1
152,247,66,249,250,1,1
154,250,65,249,252,1,1
153,246,66,247,249,1,1
153,247,66,247,250,1,1
151,244,66,246,247,1,1
151,245,66,246,247,1,1
152,247,66,246,249,1,1
151,246,66,245,248,1,1
152,247,66,246,249,1,1
152,247,66,245,249,1,1
151,247,66,247,249,1,1
154,248,65,248,251,1,1
151,249,66,248,250,1,1
151,248,67,254,250,1,1
151,249,66,253,250,1,1
151,250,67,254,251,1,1
151,250,66,254,251,1,1
151,250,67,252,251,1,1
151,250,67,252,251,1,1
151,250,67,251,251,1,1
151,250,67,248,251,1,1
151,250,67,251,251,1,1
151,252,65,252,252,1,1
151,252,67,252,253,1,1
151,252,66,252,253,1,1
151,252,65,252,252,1,1
151,253,66,253,253,1,1
151,252,66,251,253,1,1
152,252,65,253,253,1,1
151,253,65,253,253,1,1
151,255,65,255,255,1,1
151,252,65,253,253,1,1
151,250,65,250,251,1,1
151,250,65,251,251,1,1
151,250,65,252,251,1,1
151,248,65,250,249,1,1
152,250,65,251,252,1,1
151,249,65,250,250,1,1
151,249,65,247,250,1,1
151,247,65,246,248,1,1
151,247,65,244,249,1,1
151,246,65,243,248,1,1
151,247,65,241,249,1,1
151,247,65,243,249,1,1
151,244,65,244,247,1,1
151,244,65,242,247,1,1
151,244,65,239,247,1,1
151,243,65,243,246,1,1
151,244,65,242,247,1,1
151,244,65,242,247,1,1
151,242,65,239,245,1,1
151,243,65,237,246,1,1
152,241,65,238,245,1,1
153,240,65,237,245,1,1
155,242,65,237,247,1,1
153,242,65,239,246,1,1
152,242,65,241,245,1,1
151,242,65,242,244,1,1
151,239,65,238,243,1,1
151,240,65,238,243,1,1
151,240,65,240,244,1,1
151,241,65,238,244,1,1
151,239,65,232,242,1,1
151,238,65,231,242,1,1
149,237,65,229,239,1,1
150,238,65,232,241,1,1
151,239,65,229,242,1,1
151,236,64,228,240,1,1
149,234,65,227,238,1,1
149,235,63,227,238,1,1
151,235,64,226,240,1,1
149,234,64,225,238,1,1
151,233,65,228,238,1,1
148,232,63,224,235,1,1
151,233,64,224,238,1,1
145,230,62,224,232,1,1
145,230,63,221,232,1,1
145,231,62,221,232,1,1
145,231,62,220,232,1,1
145,229,62,221,231,1,1
145,230,62,218,232,1,1
145,230,62,217,231,1,1
145,227,62,215,229,1,1
145,227,62,212,229,1,1
145,227,62,212,229,1,1
145,225,62,214,227,1,1
145,223,62,212,226,1,1
145,224,62,212,227,1,1
145,222,64,212,225,1,1
145,221,63,211,225,1,1
145,221,63,209,225,1,1
145,219,62,207,223,1,1
145,219,62,205,223,1,1
145,217,62,205,222,1,1
145,218,62,206,222,1,1
145,217,62,205,222,1,1
145,217,62,206,222,1,1
145,217,62,205,222,1,1
145,219,62,204,223,1,1
145,217,62,203,222,1,1
145,218,0,203,222,0,0
143,216,0,203,220,0,0
139,217,0,201,218,0,0
139,217,0,199,218,0,0
139,217,0,197,218,0,0
136,217,0,199,216,0,0
132,216,0,198,213,0,0
132,217,0,197,214,0,0
132,216,0,194,213,0,0
131,216,0,192,212,0,0
130,217,0,191,212,0,0
126,214,0,187,208,0,0
125,213,0,186,206,0,0
123,214,0,185,205,0,0
121,209,0,185,201,0,0
121,210,0,182,201,0,0
121,211,0,180,201,0,0
116,209,0,178,197,0,0
115,209,0,177,196,0,0
115,207,0,175,195,0,0
115,206,0,173,194,0,0
115,204,0,173,192,0,0
110,202,0,172,188,0,0
109,200,0,169,186,0,0
109,198,0,167,184,0,0
109,198,0,165,184,0,0
104,195,0,163,179,0,0
102,195,0,161,178,0,0
106,193,0,159,179,0,0
102,193,0,157,177,0,0
102,193,0,157,177,0,0
102,193,0,158,177,0,0
102,192,0,155,176,0,0
102,193,0,154,177,0,0
102,193,0,152,177,0,0
96,187,0,150,169,0,0
97,187,0,147,170,0,0
97,187,0,147,170,0,0
96,186,0,146,169,0,0
96,184,0,146,167,0,0
92,184,0,145,165,0,0
90,184,0,143,164,0,0
90,184,0,142,164,0,0
90,184,0,139,163,0,0
90,184,0,138,163,0,0
90,184,0,137,164,0,0
90,182,0,136,162,0,0
90,182,0,134,162,0,0
89,182,0,133,161,0,0
89,181,0,134,160,0,0
86,180,0,135,158,0,0
84,178,0,133,155,0,0
84,178,0,132,156,0,0
84,177,0,133,155,0,0
84,176,0,130,154,0,0
84,176,0,129,154,0,0
84,175,0,128,154,0,0
84,174,0,126,153,0,0
84,174,0,125,153,0,0
84,174,0,124,153,0,0
84,174,0,123,153,0,0
84,173,0,123,152,0,0
84,173,0,123,152,0,0
84,171,0,122,150,0,0
84,171,0,121,150,0,0
83,170,0,120,149,0,0
84,168,0,119,148,0,0
82,168,0,117,147,0,0
80,168,0,116,146,0,0
78,168,0,114,145,0,0
78,167,0,114,145,0,0
78,166,0,113,144,0,0
78,167,0,112,144,0,0
78,165,0,111,143,0,0
78,165,0,110,143,0,0
78,163,0,110,141,0,0
78,163,0,109,141,0,0
78,163,0,109,141,0,0
78,161,0,108,140,0,0
78,162,0,108,141,0,0
78,163,0,106,141,0,0
78,161,0,105,140,0,0
73,159,0,104,135,0,0
72,157,0,102,133,0,0
73,158,0,103,135,0,0
72,157,0,102,133,0,0
72,157,0,102,133,0,0
72,157,0,102,133,0,0
70,157,0,99,133,0,0
72,154,0,99,131,0,0
72,156,0,98,133,0,0
66,156,0,98,129,0,0
66,154,0,99,128,0,0
66,154,0,97,128,0,0
69,154,0,97,130,0,0
66,154,0,98,128,0,0
66,154,0,97,128,0,0
66,154,0,96,128,0,0
66,154,0,93,128,0,0
66,154,0,92,128,0,0
66,154,0,92,128,0,0
66,154,0,91,128,0,0
66,154,0,90,128,0,0
63,153,0,89,126,0,0
61,152,0,89,124,0,0
62,152,0,88,124,0,0
60,152,0,88,123,0,0
60,152,0,88,123,0,0
60,151,0,88,123,0,0
60,149,0,88,122,0,0
60,149,0,86,122,0,0
60,148,0,84,121,0,0
60,149,0,84,122,0,0
60,148,0,83,120,0,0
60,146,0,82,120,0,0
60,146,0,83,120,0,0
60,146,0,84,119,0,0
60,146,0,83,120,0,0
60,146,0,84,119,0,0
60,143,0,82,117,0,0
60,142,0,81,117,0,0
60,142,0,80,117,0,0
60,141,0,81,116,0,0
60,141,0,79,116,0,0
60,141,0,77,116,0,0
60,140,0,78,115,0,0
60,139,0,78,115,0,0
60,139,0,75,115,0,0
60,138,0,75,114,0,0
60,138,0,74,114,0,0
60,138,0,76,114,0,0
60,137,0,75,113,0,0
60,137,0,74,113,0,0
60,136,0,72,112,0,0
60,136,0,71,112,0,0
60,136,0,72,112,0,0
60,133,0,73,110,0,0
60,133,0,72,110,0,0
60,133,0,71,110,0,0
60,133,0,70,110,0,0
60,133,0,70,110,0,0
60,133,0,69,110,0,0
60,133,0,69,110,0,0
60,129,0,70,107,0,0
60,130,0,68,108,0,0
60,130,0,68,108,0,0
60,130,0,69,108,0,0
60,128,0,69,106,0,0
60,127,0,68,106,0,0
58,127,0,66,105,0,0
60,127,0,65,106,0,0
58,127,0,65,105,0,0
60,127,0,67,106,0,0
57,127,0,66,104,0,0
59,127,0,64,105,0,0
56,127,0,63,104,0,0
60,126,0,63,105,0,0
57,125,0,63,103,0,0
54,125,0,64,101,0,0
56,124,0,64,101,0,0
56,122,0,63,100,0,0
56,123,0,63,100,0,0
54,123,0,63,100,0,0
54,122,0,61,99,0,0
54,122,0,62,99,0,0
54,122,0,61,99,0,0
54,122,0,60,99,0,0
54,122,0,58,99,0,0
54,122,0,59,99,0,0
54,122,0,59,99,0,0
54,122,0,58,99,0,0
54,121,0,57,99,0,0
54,121,0,58,98,0,0
54,119,0,56,97,0,0
54,119,0,56,97,0,0
53,118,0,58,96,0,0
54,119,0,58,97,0,0
52,117,0,57,94,0,0
52,118,0,56,95,0,0
53,119,0,55,96,0,0
53,116,0,55,94,0,0
53,117,0,54,95,0,0
51,116,0,54,94,0,0
53,117,0,53,95,0,0
48,113,0,53,90,0,0
48,113,0,52,90,0,0
50,114,0,52,92,0,0
49,114,0,52,91,0,0
51,115,0,53,93,0,0
49,114,0,53,91,0,0
49,114,0,52,91,0,0
51,113,0,52,92,0,0
48,113,0,51,90,0,0
48,113,0,51,90,0,0
48,113,0,51,90,0,0
48,112,0,50,89,0,0
48,113,0,51,90,0,0
48,111,0,50,88,0,0
48,111,0,49,88,0,0
48,111,0,49,88,0,0
48,111,0,49,88,0,0
48,110,0,49,88,0,0
48,109,0,48,87,0,0
48,109,0,48,87,0,0
48,108,0,48,87,0,0
48,110,0,47,87,0,0
48,108,0,48,87,0,0
48,108,0,48,87,0,0
48,108,0,47,87,0,0
48,108,0,48,87,0,0
48,108,0,46,87,0,0
48,106,0,46,85,0,0
48,106,0,48,85,0,0
48,106,0,48,85,0,0
48,106,0,47,85,0,0
48,106,0,45,85,0,0
48,106,0,46,85,0,0
48,106,0,46,85,0,0
48,106,0,45,85,0,0
48,104,0,45,84,0,0
48,106,0,45,85,0,0
48,106,0,45,85,0,0
48,104,0,45,83,0,0
48,103,0,46,83,0,0
48,103,0,46,83,0,0
46,103,0,45,81,0,0
48,103,0,44,83,0,0
48,103,0,44,83,0,0
48,103,0,43,83,0,0
45,103,0,44,81,0,0
46,103,0,44,81,0,0
46,101,0,44,80,0,0
48,101,0,43,81,0,0
48,101,0,42,81,0,0
47,101,0,43,81,0,0
46,100,0,42,80,0,0
44,100,0,41,78,0,0
45,100,0,41,79,0,0
45,100,0,40,79,0,0
41,100,0,40,77,0,0
43,99,0,41,77,0,0
41,98,0,41,76,0,0
46,97,0,40,78,0,0
41,97,0,40,76,0,0
43,97,0,40,76,0,0
41,97,0,39,76,0,0
41,97,0,39,76,0,0
41,97,0,40,76,0,0
41,97,0,40,76,0,0
41,97,0,39,76,0,0
43,97,0,39,76,0,0
41,97,0,39,76,0,0
41,97,0,40,76,0,0
41,97,0,39,76,0,0
41,97,0,40,76,0,0
41,97,0,41,76,0,0
41,95,0,40,74,0,0
40,94,0,39,73,0,0
41,95,0,38,74,0,0
41,95,0,39,74,0,0
40,94,0,39,73,0,0
41,95,0,37,74,0,0
41,95,0,38,74,0,0
41,93,0,39,72,0,0
41,93,0,37,72,0,0
41,92,0,38,72,0,0
41,92,0,38,72,0,0
41,92,0,37,72,0,0
41,92,0,38,72,0,0
41,92,0,37,72,0,0
39,91,0,38,70,0,0
41,91,0,37,71,0,0
41,89,0,36,70,0,0
41,90,0,38,70,0,0
41,89,0,37,70,0,0
41,89,0,38,70,0,0
41,89,0,39,70,0,0
41,89,0,37,70,0,0
41,89,0,37,70,0,0
39,88,0,36,68,0,0
39,88,0,36,68,0,0
40,88,0,37,69,0,0
41,89,0,38,70,0,0
41,88,0,37,69,0,0
41,88,0,36,69,0,0
41,86,0,37,68,0,0
41,87,0,36,68,0,0
41,86,0,36,68,0,0
40,86,0,36,67,0,0
41,86,0,36,68,0,0
41,86,0,35,67,0,0
41,84,0,35,67,0,0
41,86,0,35,68,0,0
41,86,0,34,68,0,0
41,86,0,36,68,0,0
43,85,0,35,68,0,0
41,84,0,36,66,0,0
41,84,0,35,67,0,0
41,84,0,35,66,0,0
41,84,0,35,67,0,0
43,84,0,34,67,0,0
41,84,0,34,66,0,0
41,84,0,34,66,0,0
41,84,0,34,66,0,0
41,84,0,35,66,0,0
41,84,0,34,66,0,0
41,84,0,33,66,0,0
41,84,0,34,66,0,0
41,82,0,34,65,0,0
41,83,0,35,65,0,0
43,82,0,34,66,0,0
43,81,0,34,65,0,0
43,81,0,34,65,0,0
41,81,0,35,64,0,0
41,81,0,34,64,0,0
41,81,0,34,64,0,0
41,81,0,33,64,0,0
41,82,0,33,65,0,0
41,81,0,34,64,0,0
41,81,0,33,64,0,0
41,80,0,33,64,0,0
41,78,0,33,62,0,0
41,79,0,31,63,0,0
41,80,0,32,63,0,0
41,78,0,33,62,0,0
41,79,0,33,63,0,0
41,78,0,33,62,0,0
41,78,0,33,62,0,0
41,78,0,34,62,0,0
41,78,0,34,62,0,0
41,78,0,34,62,0,0
41,78,0,33,62,0,0
41,78,0,33,62,0,0
41,78,0,33,62,0,0
41,78,0,34,62,0,0
41,78,0,33,62,0,0
41,78,0,31,62,0,0
41,78,0,34,62,0,0
40,76,0,34,60,0,0
41,76,0,34,61,0,0
41,78,0,31,62,0,0
41,77,0,33,61,0,0
41,75,0,31,60,0,0
41,75,0,31,60,0,0
41,75,0,32,60,0,0
41,75,0,33,60,0,0
41,75,0,32,60,0,0
41,76,0,33,61,0,0
41,77,0,32,61,0,0
41,76,0,33,61,0,0
38,75,0,31,58,0,0
41,75,0,30,60,0,0
38,75,0,30,59,0,0
41,77,0,31,61,0,0
40,75,0,32,59,0,0
41,78,0,33,62,0,0
40,77,0,32,61,0,0
38,76,0,32,59,0,0
41,78,0,32,62,0,0
39,76,0,32,60,0,0
40,78,0,33,61,0,0
39,75,0,30,59,0,0
40,76,0,31,60,0,0
41,76,0,31,61,0,0
41,76,0,31,61,0,0
41,78,0,31,62,0,0
40,75,0,30,60,0,0
41,76,0,30,61,0,0
41,78,0,30,62,0,0
39,77,0,31,60,0,0
41,78,0,31,62,0,0
41,78,0,30,62,0,0
40,78,0,28,61,0,0
39,76,0,29,60,0,0
40,78,0,30,61,0,0
38,77,0,29,59,0,0
37,76,0,28,59,0,0
41,78,0,28,62,0,0
40,78,0,30,61,0,0
38,76,0,29,59,0,0
38,77,0,28,60,0,0
37,76,0,28,59,0,0
37,76,0,29,59,0,0
36,76,0,29,58,0,0
35,75,0,30,57,0,0
40,78,0,30,61,0,0
39,76,0,29,60,0,0
38,77,0,29,60,0,0
35,76,0,28,58,0,0
35,75,0,28,57,0,0
35,76,0,29,58,0,0
36,77,0,29,59,0,0
35,75,0,28,57,0,0
35,78,0,28,59,0,0
35,77,0,29,59,0,0
35,78,0,27,60,0,0
35,78,0,27,60,0,0
38,78,0,27,61,0,0
35,78,0,27,60,0,0
35,78,0,27,60,0,0
37,76,0,27,59,0,0
35,78,0,27,60,0,0
35,78,0,27,60,0,0
35,78,0,28,60,0,0
35,78,0,26,60,0,0
35,78,0,27,60,0,0
35,78,0,27,60,0,0
35,78,0,26,60,0,0
35,78,0,26,60,0,0
35,78,0,26,60,0,0
35,78,0,25,60,0,0
35,78,0,25,60,0,0
35,77,0,26,59,0,0
37,77,0,26,59,0,0
36,77,0,25,59,0,0
35,78,0,25,59,0,0
35,77,0,25,59,0,0
35,75,0,24,57,0,0
35,75,0,25,57,0,0
35,78,0,25,59,0,0
35,75,0,25,57,0,0
35,75,0,24,57,0,0
35,76,0,23,58,0,0
35,75,0,24,57,0,0
35,75,0,26,57,0,0
35,77,0,25,58,0,0
35,77,0,24,59,0,0
35,77,0,23,59,0,0
35,78,0,24,59,0,0
35,77,0,24,58,0,0
35,75,0,24,57,0,0
35,75,0,24,57,0,0
35,75,0,23,57,0,0
35,77,0,23,58,0,0
35,78,0,23,60,0,0
35,78,0,24,60,0,0
33,78,0,22,59,0,0
34,78,0,23,59,0,0
33,78,0,24,58,0,0
34,78,0,24,59,0,0
34,78,0,22,59,0,0
34,78,0,22,59,0,0
35,78,0,22,60,0,0
35,78,0,23,60,0,0
34,78,0,23,59,0,0
35,78,0,23,60,0,0
32,80,0,21,59,0,0
31,79,0,22,58,0,0
32,80,0,21,59,0,0
31,81,0,22,59,0,0
30,80,0,23,58,0,0
32,81,0,22,60,0,0
32,81,0,22,60,0,0
30,80,0,21,58,0,0
32,81,0,22,60,0,0
30,81,0,21,59,0,0
30,81,0,21,59,0,0
30,81,0,21,59,0,0
30,81,0,21,59,0,0
30,81,0,21,59,0,0
30,81,0,22,59,0,0
30,81,0,21,59,0,0
30,81,0,21,59,0,0
30,81,0,21,59,0,0
30,81,0,21,59,0,0
30,81,0,22,59,0,0
30,81,0,21,59,0,0
29,82,0,21,59,0,0
30,82,0,19,59,0,0
28,81,0,19,58,0,0
30,81,0,20,59,0,0
30,81,0,20,59,0,0
30,81,0,19,59,0,0
29,81,0,18,58,0,0
28,81,0,18,58,0,0
30,81,0,19,59,0,0
30,81,0,19,59,0,0
30,81,0,19,59,0,0
30,81,0,17,59,0,0
30,81,0,17,59,0,0
27,81,0,18,58,0,0
26,81,0,18,57,0,0
25,81,0,18,57,0,0
28,83,0,19,59,0,0
28,82,0,18,59,0,0
30,81,0,17,59,0,0
30,81,0,16,59,0,0
30,81,0,17,59,0,0
30,81,0,18,59,0,0
27,80,0,18,57,0,0
30,81,0,18,59,0,0
28,80,0,18,58,0,0
30,81,0,17,59,0,0
28,80,0,16,58,0,0
30,81,0,15,59,0,0
27,80,0,16,56,0,0
30,81,0,16,59,0,0
30,81,0,17,59,0,0
30,81,0,17,59,0,0
30,78,0,17,57,0,0
30,78,0,16,57,0,0
30,78,0,16,57,0,0
30,78,0,17,57,0,0
30,78,0,17,57,0,0
30,78,0,16,57,0,0
30,78,0,17,57,0,0
30,78,0,17,57,0,0
30,78,0,17,57,0,0
30,78,0,17,57,0,0
30,78,0,16,57,0,0
30,78,0,15,57,0,0
30,78,0,17,57,0,0
30,78,0,17,57,0,0
30,78,0,16,57,0,0
30,78,0,16,57,0,0
30,78,0,16,57,0,0
30,78,0,18,57,0,0
30,78,0,18,57,0,0
30,77,0,17,56,0,0
30,78,0,14,57,0,0
30,78,0,13,56,0,0
30,78,0,13,56,0,0
30,78,0,14,57,0,0
30,78,0,13,57,0,0
30,75,0,14,55,0,0
30,75,0,15,55,0,0
30,74,0,15,54,0,0
30,75,0,13,55,0,0
30,74,0,13,54,0,0
30,73,0,15,53,0,0
30,75,0,15,54,0,0
30,73,0,14,53,0,0
30,75,0,14,54,0,0
30,73,0,16,53,0,0
30,73,0,15,53,0,0
30,73,0,14,53,0,0
30,73,0,14,53,0,0
33,73,0,14,54,0,0
30,73,0,15,53,0,0
30,73,0,15,53,0,0
30,73,0,13,53,0,0
30,73,0,15,53,0,0
30,73,0,14,53,0,0
30,73,0,13,53,0,0
30,73,0,15,53,0,0
30,73,0,15,53,0,0
30,73,0,14,53,0,0
30,73,0,13,53,0,0
30,72,0,14,52,0,0
30,72,0,15,53,0,0
30,72,0,12,52,0,0
30,71,0,13,52,0,0
30,70,0,14,51,0,0
30,70,0,14,51,0,0
30,70,0,14,51,0,0
30,70,0,13,51,0,0
30,68,0,13,49,0,0
30,68,0,13,49,0,0
30,68,0,13,49,0,0
30,69,0,14,50,0,0
30,69,0,14,50,0,0
30,69,0,14,51,0,0
30,70,0,13,51,0,0
30,69,0,14,50,0,0
30,69,0,15,51,0,0
30,68,0,14,50,0,0
30,68,0,13,49,0,0
30,68,0,13,49,0,0
30,68,0,13,49,0,0
30,68,0,12,50,0,0
30,70,0,12,51,0,0
30,68,0,13,49,0,0
30,68,0,13,49,0,0
30,69,0,13,50,0,0
30,68,0,12,49,0,0
30,68,0,13,49,0,0
30,68,0,13,49,0,0
30,68,0,12,50,0,0
30,68,0,13,50,0,0
30,68,0,12,50,0,0
30,68,0,13,49,0,0
30,68,0,14,49,0,0
30,68,0,12,49,0,0
30,68,0,13,49,0,0
30,68,0,12,49,0,0
30,68,0,13,49,0,0
30,68,0,13,49,0,0
30,68,0,12,49,0,0
30,68,0,11,49,0,0
30,68,0,11,49,0,0
30,68,0,12,49,0,0
30,68,0,12,49,0,0
30,68,0,11,49,0,0
30,68,0,10,49,0,0
30,68,0,10,49,0,0
30,68,0,9,49,0,0
30,68,0,11,49,0,0
30,68,0,11,49,0,0
30,68,0,12,49,0,0
30,68,0,11,49,0,0
30,68,0,11,49,0,0
30,67,0,10,49,0,0
30,65,0,9,48,0,0
30,66,0,10,48,0,0
30,67,0,11,49,0,0
30,68,0,12,49,0,0
30,65,0,12,48,0,0
30,65,0,11,48,0,0
30,66,0,13,48,0,0
30,66,0,10,49,0,0
30,66,0,10,48,0,0
30,68,0,10,49,0,0
30,68,0,10,49,0,0
30,68,0,11,49,0,0
30,67,0,12,49,0,0
30,65,0,12,48,0,0
30,65,0,12,48,0,0
30,65,0,12,48,0,0
30,65,0,11,48,0,0
30,65,0,10,48,0,0
30,65,0,11,48,0,0
30,65,0,10,48,0,0
30,65,0,10,48,0,0
30,65,0,11,48,0,0
30,65,0,11,48,0,0
30,65,0,10,48,0,0
30,65,0,9,48,0,0
30,65,0,8,48,0,0
30,65,0,9,48,0,0
30,65,0,10,48,0,0
30,65,0,10,48,0,0
30,65,0,11,48,0,0
30,65,0,10,48,0,0
30,65,0,10,48,0,0
30,65,0,9,48,0,0
30,65,0,10,48,0,0
30,65,0,10,48,0,0
30,65,0,11,48,0,0
30,65,0,10,48,0,0
30,65,0,10,48,0,0
30,65,0,9,48,0,0
30,65,0,9,48,0,0
30,65,0,10,48,0,0
30,65,0,9,48,0,0
30,65,0,10,48,0,0
30,65,0,11,48,0,0
30,65,0,9,48,0,0
25,62,0,9,44,0,0
30,65,0,10,48,0,0
30,65,0,10,48,0,0
28,64,0,10,46,0,0
28,64,0,11,46,0,0
25,63,0,10,44,0,0
30,65,0,8,48,0,0
29,64,0,9,47,0,0
28,64,0,10,46,0,0
30,65,0,11,48,0,0
30,65,0,11,48,0,0
28,64,0,10,46,0,0
30,65,0,8,48,0,0
28,64,0,9,46,0,0
30,65,0,9,48,0,0
26,63,0,10,44,0,0
28,64,0,9,46,0,0
24,62,0,9,43,0,0
28,64,0,9,46,0,0
28,64,0,9,46,0,0
26,63,0,8,45,0,0
30,65,0,8,48,0,0
28,64,0,10,46,0,0
26,63,0,9,45,0,0
24,62,0,8,43,0,0
27,63,0,7,45,0,0
25,63,0,7,44,0,0
24,62,0,8,43,0,0
24,62,0,9,43,0,0
24,62,0,9,43,0,0
24,62,0,9,43,0,0
24,62,0,9,43,0,0
25,63,0,9,44,0,0
24,62,0,9,43,0,0
25,63,0,9,44,0,0
25,62,0,10,44,0,0
25,63,0,8,44,0,0
25,63,0,7,44,0,0
24,62,0,9,43,0,0
24,62,0,9,43,0,0
24,62,0,10,43,0,0
24,62,0,9,43,0,0
24,62,0,9,43,0,0
24,60,0,9,42,0,0
24,62,0,10,43,0,0
24,62,0,11,43,0,0
24,62,0,10,43,0,0
24,61,0,9,42,0,0
24,60,0,8,42,0,0
24,62,0,9,43,0,0
24,61,0,9,42,0,0
25,60,0,10,42,0,0
26,60,0,8,42,0,0
25,60,0,8,42,0,0
27,60,0,8,43,0,0
24,57,0,8,39,0,0
24,57,0,8,39,0,0
24,57,0,8,39,0,0
25,59,0,9,42,0,0
25,58,0,10,40,0,0
24,57,0,7,39,0,0
24,57,0,8,39,0,0
24,57,0,8,39,0,0
24,57,0,9,39,0,0
24,57,0,8,39,0,0
24,57,0,9,39,0,0
26,57,0,9,41,0,0
24,57,0,10,39,0,0
24,57,0,9,39,0,0
24,57,0,10,39,0,0
24,57,0,10,39,0,0
24,57,0,10,39,0,0
24,57,0,9,39,0,0
22,57,0,10,39,0,0
24,57,0,10,39,0,0
24,57,0,9,39,0,0
24,57,0,8,39,0,0
24,57,0,9,39,0,0
22,57,0,9,39,0,0
20,57,0,8,37,0,0
21,57,0,9,38,0,0
22,57,0,8,39,0,0
21,57,0,9,38,0,0
19,57,0,9,37,0,0
20,57,0,9,37,0,0
21,57,0,10,38,0,0
24,57,0,10,39,0,0
24,54,0,9,37,0,0
24,56,0,9,39,0,0
24,54,0,10,37,0,0
28,56,0,10,40,0,0
24,54,0,10,37,0,0
24,54,0,10,37,0,0
24,54,0,10,37,0,0
24,54,0,9,37,0,0
24,54,0,8,37,0,0
24,52,0,7,36,0,0
24,53,0,8,37,0,0
26,53,0,9,38,0,0
24,53,0,10,36,0,0
25,53,0,10,37,0,0
24,51,0,9,36,0,0
24,53,0,9,36,0,0
24,51,0,10,36,0,0
24,52,0,10,36,0,0
22,53,0,9,36,0,0
19,54,0,10,35,0,0
22,54,0,9,36,0,0
19,54,0,9,35,0,0
20,54,0,10,36,0,0
18,54,0,10,35,0,0
18,55,0,10,36,0,0
19,54,0,10,35,0,0
18,57,0,10,36,0,0
18,57,0,10,36,0,0
18,57,0,9,36,0,0
19,54,0,9,35,0,0
20,54,0,9,36,0,0
18,54,0,10,35,0,0
22,54,0,10,36,0,0
18,54,0,10,35,0,0
18,54,0,9,35,0,0
19,54,0,8,35,0,0
18,54,0,9,35,0,0
18,54,0,9,35,0,0
18,54,0,10,35,0,0
18,54,0,12,35,0,0
19,54,0,11,35,0,0
18,54,0,11,35,0,0
18,54,0,11,35,0,0
18,54,0,10,35,0,0
18,54,0,10,35,0,0
18,54,0,11,35,0,0
16,53,0,11,33,0,0
18,53,0,10,34,0,0
16,52,0,10,32,0,0
13,50,0,10,30,0,0
16,51,0,10,32,0,0
15,50,0,11,31,0,0
18,51,0,11,33,0,0
16,51,0,11,32,0,0
14,50,0,10,30,0,0
18,51,0,8,33,0,0
11,48,0,9,28,0,0
16,48,0,9,30,0,0
18,48,0,12,31,0,0
15,47,0,11,29,0,0
13,46,0,11,28,0,0
15,47,0,11,29,0,0
14,46,0,11,28,0,0
14,46,0,10,28,0,0
13,44,0,11,26,0,0
13,45,0,11,26,0,0
13,44,0,11,25,0,0
16,45,0,11,28,0,0
11,43,0,11,24,0,0
14,44,0,10,26,0,0
13,44,8,11,26,0,0
11,43,46,12,24,1,0
13,44,64,12,25,1,1
16,45,65,12,28,1,1
17,48,63,14,30,1,1
18,48,62,16,31,1,1
18,48,62,16,31,1,1
18,48,62,15,31,1,1
21,50,62,17,33,1,1
19,51,61,18,33,1,1
19,51,62,20,33,1,1
24,53,62,20,37,0,1
24,54,62,22,37,0,1
24,56,61,24,39,0,1
24,57,61,25,39,0,1
24,57,60,26,39,0,1
26,57,59,28,41,1,1
27,57,61,29,41,1,1
25,56,62,29,39,1,1
27,57,61,28,41,1,1
28,60,61,29,44,1,1
30,65,61,31,48,1,1
30,69,60,33,50,1,1
30,70,60,36,51,1,1
30,72,60,38,53,1,1
31,73,60,40,53,1,1
30,73,60,41,53,1,1
33,75,62,42,56,1,1
34,75,62,42,57,1,1
34,77,62,43,58,1,1
35,78,62,45,59,1,1
35,78,62,46,60,1,1
35,78,62,48,59,1,1
36,79,62,49,60,1,1
40,80,62,50,63,1,1
37,79,62,51,61,1,1
39,80,62,51,63,1,1
38,80,62,51,62,1,1
40,83,65,53,65,1,1
41,84,65,55,66,1,1
40,86,65,57,67,1,1
38,84,65,58,65,1,1
41,86,65,58,68,1,1
40,88,65,59,69,1,1
38,88,65,61,67,1,1
40,89,65,60,69,1,1
40,88,66,63,69,1,1
38,88,66,64,67,1,1
40,88,65,65,69,1,1
41,89,66,66,70,1,1
41,88,64,66,69,1,1
41,87,64,68,69,1,1
41,88,64,69,69,1,1
43,89,65,68,70,1,1
45,89,66,70,71,1,1
46,89,66,73,72,1,1
45,89,66,75,72,0,1
48,89,66,76,73,0,1
48,90,66,76,73,0,1
48,89,66,75,73,0,1
48,88,66,75,72,0,1
48,86,67,74,71,0,1
48,86,68,75,71,0,1
48,85,69,75,70,1,1
48,84,68,74,69,1,1
48,84,68,72,69,1,1
48,84,67,74,69,1,1
49,84,68,74,71,1,1
53,84,68,76,72,1,1
52,84,68,78,71,1,1
55,84,68,78,73,1,1
57,84,68,79,74,1,1
60,85,68,81,76,1,1
60,83,68,81,75,1,1
60,81,68,80,73,1,1
60,82,68,80,74,1,1
61,84,68,83,76,1,1
60,84,69,87,75,1,1
60,84,70,88,75,1,1
60,84,70,87,76,1,1
61,86,69,90,78,0,1
60,86,69,91,77,0,1
60,88,69,91,78,1,1
60,88,70,91,79,1,1
61,88,71,90,79,1,1
62,87,70,90,79,1,1
66,91,72,91,83,1,1
66,90,73,91,82,1,1
64,90,75,92,82,1,1
66,94,76,93,85,1,1
66,97,79,97,87,1,1
69,100,78,101,91,1,1
73,102,79,105,95,1,1
78,106,80,110,100,1,1
78,108,81,113,102,1,1
84,110,80,116,106,1,1
88,111,83,118,109,1,1
90,113,81,122,112,1,1
92,112,82,125,111,1,1
96,116,84,126,117,1,1
97,113,85,128,115,1,1
100,114,83,129,118,1,1
102,114,84,131,119,1,1
102,114,84,132,119,1,1
105,112,86,132,119,1,1
109,109,86,133,118,1,1
109,107,87,133,117,1,1
114,109,87,133,121,1,1
115,108,89,133,121,1,1
115,108,89,133,121,1,1
117,106,90,133,120,1,1
121,106,91,135,122,0,1
126,105,91,136,124,0,1
126,103,91,133,123,1,1
126,102,91,135,122,1,1
128,100,92,135,122,1,1
132,97,93,135,122,1,1
132,97,94,135,122,1,1
136,96,95,136,123,1,1
139,97,97,134,125,1,1
139,95,96,135,124,1,1
143,95,97,134,126,1,1
145,95,115,136,127,1,1
145,91,213,135,124,1,1
151,92,255,137,128,1,1
151,91,181,138,127,1,1
152,90,103,138,127,1,1
155,87,102,137,126,1,1
156,91,102,137,130,1,1
158,89,102,139,130,1,1
162,89,103,139,132,1,1
162,89,104,137,132,1,1
164,89,103,138,133,1,1
167,89,104,141,135,1,1
169,89,103,142,136,1,1
171,90,104,146,137,1,1
175,92,104,145,141,1,1
175,92,103,148,141,1,1
181,92,104,150,145,1,1
181,92,106,151,145,1,1
181,92,108,152,145,1,1
187,95,109,155,150,1,1
187,95,110,157,150,1,1
188,95,108,157,151,1,1
193,95,108,160,153,1,1
191,95,109,160,152,1,1
193,95,110,160,153,1,1
197,96,110,163,157,1,1
199,98,110,166,160,1,1
204,98,110,167,163,1,1
206,103,112,168,167,1,1
208,104,111,174,170,1,1
210,107,112,178,173,1,1
212,109,110,180,176,1,1
213,108,111,182,176,1,1
217,109,111,181,179,1,1
214,111,113,181,179,1,1
217,114,114,191,183,1,1
217,114,113,191,183,1,1
223,116,113,193,189,1,1
223,116,113,192,188,1,1
223,113,116,192,186,1,1
229,116,115,194,192,1,1
230,116,116,197,192,1,1
233,115,116,197,193,1,1
235,116,115,198,195,1,1
236,121,113,199,200,1,1
236,118,116,205,198,1,1
236,110,116,200,191,1,1
236,104,117,195,186,1,1
236,103,118,191,185,1,1
236,103,119,190,185,1,1
236,101,120,186,183,1,1
240,101,117,186,186,1,1
242,103,118,187,188,1,1
242,103,119,188,188,1,1
242,103,119,189,188,1,1
242,103,118,189,188,1,1
243,103,120,189,189,1,1
246,103,119,188,190,1,1
247,105,119,187,194,1,1
247,102,120,186,191,1,1
247,97,121,189,187,1,1
250,98,121,183,189,1,1
250,97,122,182,188,1,1
251,97,122,181,189,1,1
255,97,119,182,191,1,1
